student_id,system,task,condition,dataset_rows,input_format,input_mb,run_number,time_seconds,status,os,cpu_model,cpu_base_ghz,cpu_physical_cores,cpu_logical_processors,ram_gb,storage_size_gb,storage_type,gpu_model,gpu_clock_mhz,gpu_memory_gb,python_version,tool_version
2023341,mapreduce,task1,aggregation,1000000,csv,101.67,1,7.104,OK,Linux Mint 22.3,11th Gen Intel(R) Core(TM) i3-1115G4,3.00,2,4,8,64,Other (Live USB),Integrated,NA,NA,3.12.3,0.7.4
2023341,mapreduce,task1,aggregation,1000000,csv,101.67,2,7.486,OK,Linux Mint 22.3,11th Gen Intel(R) Core(TM) i3-1115G4,3.00,2,4,8,64,Other (Live USB),Integrated,NA,NA,3.12.3,0.7.4
2023341,mapreduce,task1,aggregation,1000000,csv,101.67,3,7.071,OK,Linux Mint 22.3,11th Gen Intel(R) Core(TM) i3-1115G4,3.00,2,4,8,64,Other (Live USB),Integrated,NA,NA,3.12.3,0.7.4
2023341,spark,task1,aggregation,1000000,csv,101.67,1,0.1307,OK,Linux Mint 22.3,11th Gen Intel(R) Core(TM) i3-1115G4,3.00,2,4,8,64,Other (Live USB),Integrated,NA,NA,3.12.3,4.2.0
2023341,spark,task1,aggregation,1000000,csv,101.67,2,0.1061,OK,Linux Mint 22.3,11th Gen Intel(R) Core(TM) i3-1115G4,3.00,2,4,8,64,Other (Live USB),Integrated,NA,NA,3.12.3,4.2.0
2023341,spark,task1,aggregation,1000000,csv,101.67,3,0.1079,OK,Linux Mint 22.3,11th Gen Intel(R) Core(TM) i3-1115G4,3.00,2,4,8,64,Other (Live USB),Integrated,NA,NA,3.12.3,4.2.0
2023341,duckdb,task1,aggregation,1000000,csv,101.67,1,0.2428,OK,Linux Mint 22.3,11th Gen Intel(R) Core(TM) i3-1115G4,3.00,2,4,8,64,Other (Live USB),Integrated,NA,NA,3.12.3,1.5.5
2023341,duckdb,task1,aggregation,1000000,csv,101.67,2,0.2184,OK,Linux Mint 22.3,11th Gen Intel(R) Core(TM) i3-1115G4,3.00,2,4,8,64,Other (Live USB),Integrated,NA,NA,3.12.3,1.5.5
2023341,duckdb,task1,aggregation,1000000,csv,101.67,3,0.2205,OK,Linux Mint 22.3,11th Gen Intel(R) Core(TM) i3-1115G4,3.00,2,4,8,64,Other (Live USB),Integrated,NA,NA,3.12.3,1.5.5
2023341,spark,task2,query_a,2000000,parquet,40.08,1,0.7301,OK,Linux Mint 22.3,11th Gen Intel(R) Core(TM) i3-1115G4,3.00,2,4,8,64,Other (Live USB),Integrated,NA,NA,3.12.3,4.2.0
2023341,spark,task2,query_a,2000000,parquet,40.08,2,0.5396,OK,Linux Mint 22.3,11th Gen Intel(R) Core(TM) i3-1115G4,3.00,2,4,8,64,Other (Live USB),Integrated,NA,NA,3.12.3,4.2.0
2023341,spark,task2,query_a,2000000,parquet,40.08,3,0.4997,OK,Linux Mint 22.3,11th Gen Intel(R) Core(TM) i3-1115G4,3.00,2,4,8,64,Other (Live USB),Integrated,NA,NA,3.12.3,4.2.0
2023341,spark,task2,query_b,2000000,parquet,40.08,1,0.3999,OK,Linux Mint 22.3,11th Gen Intel(R) Core(TM) i3-1115G4,3.00,2,4,8,64,Other (Live USB),Integrated,NA,NA,3.12.3,4.2.0
2023341,spark,task2,query_b,2000000,parquet,40.08,2,0.3833,OK,Linux Mint 22.3,11th Gen Intel(R) Core(TM) i3-1115G4,3.00,2,4,8,64,Other (Live USB),Integrated,NA,NA,3.12.3,4.2.0
2023341,spark,task2,query_b,2000000,parquet,40.08,3,0.3830,OK,Linux Mint 22.3,11th Gen Intel(R) Core(TM) i3-1115G4,3.00,2,4,8,64,Other (Live USB),Integrated,NA,NA,3.12.3,4.2.0
2023341,duckdb,task2,query_a,2000000,parquet,40.08,1,0.1200,OK,Linux Mint 22.3,11th Gen Intel(R) Core(TM) i3-1115G4,3.00,2,4,8,64,Other (Live USB),Integrated,NA,NA,3.12.3,1.5.5
2023341,duckdb,task2,query_a,2000000,parquet,40.08,2,0.1125,OK,Linux Mint 22.3,11th Gen Intel(R) Core(TM) i3-1115G4,3.00,2,4,8,64,Other (Live USB),Integrated,NA,NA,3.12.3,1.5.5
2023341,duckdb,task2,query_a,2000000,parquet,40.08,3,0.1257,OK,Linux Mint 22.3,11th Gen Intel(R) Core(TM) i3-1115G4,3.00,2,4,8,64,Other (Live USB),Integrated,NA,NA,3.12.3,1.5.5
2023341,duckdb,task2,query_b,2000000,parquet,40.08,1,0.0508,OK,Linux Mint 22.3,11th Gen Intel(R) Core(TM) i3-1115G4,3.00,2,4,8,64,Other (Live USB),Integrated,NA,NA,3.12.3,1.5.5
2023341,duckdb,task2,query_b,2000000,parquet,40.08,2,0.0512,OK,Linux Mint 22.3,11th Gen Intel(R) Core(TM) i3-1115G4,3.00,2,4,8,64,Other (Live USB),Integrated,NA,NA,3.12.3,1.5.5
2023341,duckdb,task2,query_b,2000000,parquet,40.08,3,0.0510,OK,Linux Mint 22.3,11th Gen Intel(R) Core(TM) i3-1115G4,3.00,2,4,8,64,Other (Live USB),Integrated,NA,NA,3.12.3,1.5.5
2023341,spark,task3,top5_join,2000000,parquet,40.08,1,1.5926,OK,Linux Mint 22.3,11th Gen Intel(R) Core(TM) i3-1115G4,3.00,2,4,8,64,Other (Live USB),Integrated,NA,NA,3.12.3,4.2.0
2023341,spark,task3,top5_join,2000000,parquet,40.08,2,1.2279,OK,Linux Mint 22.3,11th Gen Intel(R) Core(TM) i3-1115G4,3.00,2,4,8,64,Other (Live USB),Integrated,NA,NA,3.12.3,4.2.0
2023341,spark,task3,top5_join,2000000,parquet,40.08,3,0.9406,OK,Linux Mint 22.3,11th Gen Intel(R) Core(TM) i3-1115G4,3.00,2,4,8,64,Other (Live USB),Integrated,NA,NA,3.12.3,4.2.0
2023341,duckdb,task3,top5_join,2000000,parquet,40.08,1,0.0953,OK,Linux Mint 22.3,11th Gen Intel(R) Core(TM) i3-1115G4,3.00,2,4,8,64,Other (Live USB),Integrated,NA,NA,3.12.3,1.5.5
2023341,duckdb,task3,top5_join,2000000,parquet,40.08,2,0.0838,OK,Linux Mint 22.3,11th Gen Intel(R) Core(TM) i3-1115G4,3.00,2,4,8,64,Other (Live USB),Integrated,NA,NA,3.12.3,1.5.5
2023341,duckdb,task3,top5_join,2000000,parquet,40.08,3,0.0841,OK,Linux Mint 22.3,11th Gen Intel(R) Core(TM) i3-1115G4,3.00,2,4,8,64,Other (Live USB),Integrated,NA,NA,3.12.3,1.5.5
2023341,mapreduce,task4,aggregation,100000,csv,10.17,1,3.7745,OK,Linux Mint 22.3,11th Gen Intel(R) Core(TM) i3-1115G4,3.00,2,4,8,64,Other (Live USB),Integrated,NA,NA,3.12.3,0.7.4
2023341,mapreduce,task4,aggregation,100000,csv,10.17,2,3.7754,OK,Linux Mint 22.3,11th Gen Intel(R) Core(TM) i3-1115G4,3.00,2,4,8,64,Other (Live USB),Integrated,NA,NA,3.12.3,0.7.4
2023341,mapreduce,task4,aggregation,100000,csv,10.17,3,3.7745,OK,Linux Mint 22.3,11th Gen Intel(R) Core(TM) i3-1115G4,3.00,2,4,8,64,Other (Live USB),Integrated,NA,NA,3.12.3,0.7.4
2023341,mapreduce,task4,aggregation,500000,csv,50.85,1,6.3579,OK,Linux Mint 22.3,11th Gen Intel(R) Core(TM) i3-1115G4,3.00,2,4,8,64,Other (Live USB),Integrated,NA,NA,3.12.3,0.7.4
2023341,mapreduce,task4,aggregation,500000,csv,50.85,2,6.3297,OK,Linux Mint 22.3,11th Gen Intel(R) Core(TM) i3-1115G4,3.00,2,4,8,64,Other (Live USB),Integrated,NA,NA,3.12.3,0.7.4
2023341,mapreduce,task4,aggregation,500000,csv,50.85,3,6.4968,OK,Linux Mint 22.3,11th Gen Intel(R) Core(TM) i3-1115G4,3.00,2,4,8,64,Other (Live USB),Integrated,NA,NA,3.12.3,0.7.4
2023341,mapreduce,task4,aggregation,1000000,csv,101.67,1,9.5358,OK,Linux Mint 22.3,11th Gen Intel(R) Core(TM) i3-1115G4,3.00,2,4,8,64,Other (Live USB),Integrated,NA,NA,3.12.3,0.7.4
2023341,mapreduce,task4,aggregation,1000000,csv,101.67,2,9.4858,OK,Linux Mint 22.3,11th Gen Intel(R) Core(TM) i3-1115G4,3.00,2,4,8,64,Other (Live USB),Integrated,NA,NA,3.12.3,0.7.4
2023341,mapreduce,task4,aggregation,1000000,csv,101.67,3,9.5355,OK,Linux Mint 22.3,11th Gen Intel(R) Core(TM) i3-1115G4,3.00,2,4,8,64,Other (Live USB),Integrated,NA,NA,3.12.3,0.7.4
2023341,mapreduce,task4,aggregation,2000000,csv,203.32,1,16.0527,OK,Linux Mint 22.3,11th Gen Intel(R) Core(TM) i3-1115G4,3.00,2,4,8,64,Other (Live USB),Integrated,NA,NA,3.12.3,0.7.4
2023341,mapreduce,task4,aggregation,2000000,csv,203.32,2,15.9,OK,Linux Mint 22.3,11th Gen Intel(R) Core(TM) i3-1115G4,3.00,2,4,8,64,Other (Live USB),Integrated,NA,NA,3.12.3,0.7.4
2023341,mapreduce,task4,aggregation,2000000,csv,203.32,3,15.9989,OK,Linux Mint 22.3,11th Gen Intel(R) Core(TM) i3-1115G4,3.00,2,4,8,64,Other (Live USB),Integrated,NA,NA,3.12.3,0.7.4
2023341,spark,task4,aggregation,100000,csv,10.17,1,0.9,OK,Linux Mint 22.3,11th Gen Intel(R) Core(TM) i3-1115G4,3.00,2,4,8,64,Other (Live USB),Integrated,NA,NA,3.12.3,4.2.0
2023341,spark,task4,aggregation,100000,csv,10.17,2,0.7151,OK,Linux Mint 22.3,11th Gen Intel(R) Core(TM) i3-1115G4,3.00,2,4,8,64,Other (Live USB),Integrated,NA,NA,3.12.3,4.2.0
2023341,spark,task4,aggregation,100000,csv,10.17,3,0.5674,OK,Linux Mint 22.3,11th Gen Intel(R) Core(TM) i3-1115G4,3.00,2,4,8,64,Other (Live USB),Integrated,NA,NA,3.12.3,4.2.0
2023341,spark,task4,aggregation,500000,csv,50.85,1,0.9898,OK,Linux Mint 22.3,11th Gen Intel(R) Core(TM) i3-1115G4,3.00,2,4,8,64,Other (Live USB),Integrated,NA,NA,3.12.3,4.2.0
2023341,spark,task4,aggregation,500000,csv,50.85,2,0.885,OK,Linux Mint 22.3,11th Gen Intel(R) Core(TM) i3-1115G4,3.00,2,4,8,64,Other (Live USB),Integrated,NA,NA,3.12.3,4.2.0
2023341,spark,task4,aggregation,500000,csv,50.85,3,0.8794,OK,Linux Mint 22.3,11th Gen Intel(R) Core(TM) i3-1115G4,3.00,2,4,8,64,Other (Live USB),Integrated,NA,NA,3.12.3,4.2.0
2023341,spark,task4,aggregation,1000000,csv,101.67,1,1.2335,OK,Linux Mint 22.3,11th Gen Intel(R) Core(TM) i3-1115G4,3.00,2,4,8,64,Other (Live USB),Integrated,NA,NA,3.12.3,4.2.0
2023341,spark,task4,aggregation,1000000,csv,101.67,2,1.1525,OK,Linux Mint 22.3,11th Gen Intel(R) Core(TM) i3-1115G4,3.00,2,4,8,64,Other (Live USB),Integrated,NA,NA,3.12.3,4.2.0
2023341,spark,task4,aggregation,1000000,csv,101.67,3,1.1466,OK,Linux Mint 22.3,11th Gen Intel(R) Core(TM) i3-1115G4,3.00,2,4,8,64,Other (Live USB),Integrated,NA,NA,3.12.3,4.2.0
2023341,spark,task4,aggregation,2000000,csv,203.32,1,1.9265,OK,Linux Mint 22.3,11th Gen Intel(R) Core(TM) i3-1115G4,3.00,2,4,8,64,Other (Live USB),Integrated,NA,NA,3.12.3,4.2.0
2023341,spark,task4,aggregation,2000000,csv,203.32,2,1.8739,OK,Linux Mint 22.3,11th Gen Intel(R) Core(TM) i3-1115G4,3.00,2,4,8,64,Other (Live USB),Integrated,NA,NA,3.12.3,4.2.0
2023341,spark,task4,aggregation,2000000,csv,203.32,3,2.0168,OK,Linux Mint 22.3,11th Gen Intel(R) Core(TM) i3-1115G4,3.00,2,4,8,64,Other (Live USB),Integrated,NA,NA,3.12.3,4.2.0
2023341,duckdb,task4,aggregation,100000,csv,10.17,1,0.1204,OK,Linux Mint 22.3,11th Gen Intel(R) Core(TM) i3-1115G4,3.00,2,4,8,64,Other (Live USB),Integrated,NA,NA,3.12.3,1.5.5
2023341,duckdb,task4,aggregation,100000,csv,10.17,2,0.1276,OK,Linux Mint 22.3,11th Gen Intel(R) Core(TM) i3-1115G4,3.00,2,4,8,64,Other (Live USB),Integrated,NA,NA,3.12.3,1.5.5
2023341,duckdb,task4,aggregation,100000,csv,10.17,3,0.1181,OK,Linux Mint 22.3,11th Gen Intel(R) Core(TM) i3-1115G4,3.00,2,4,8,64,Other (Live USB),Integrated,NA,NA,3.12.3,1.5.5
2023341,duckdb,task4,aggregation,500000,csv,50.85,1,0.2005,OK,Linux Mint 22.3,11th Gen Intel(R) Core(TM) i3-1115G4,3.00,2,4,8,64,Other (Live USB),Integrated,NA,NA,3.12.3,1.5.5
2023341,duckdb,task4,aggregation,500000,csv,50.85,2,0.2009,OK,Linux Mint 22.3,11th Gen Intel(R) Core(TM) i3-1115G4,3.00,2,4,8,64,Other (Live USB),Integrated,NA,NA,3.12.3,1.5.5
2023341,duckdb,task4,aggregation,500000,csv,50.85,3,0.2007,OK,Linux Mint 22.3,11th Gen Intel(R) Core(TM) i3-1115G4,3.00,2,4,8,64,Other (Live USB),Integrated,NA,NA,3.12.3,1.5.5
2023341,duckdb,task4,aggregation,1000000,csv,101.67,1,0.2886,OK,Linux Mint 22.3,11th Gen Intel(R) Core(TM) i3-1115G4,3.00,2,4,8,64,Other (Live USB),Integrated,NA,NA,3.12.3,1.5.5
2023341,duckdb,task4,aggregation,1000000,csv,101.67,2,0.2983,OK,Linux Mint 22.3,11th Gen Intel(R) Core(TM) i3-1115G4,3.00,2,4,8,64,Other (Live USB),Integrated,NA,NA,3.12.3,1.5.5
2023341,duckdb,task4,aggregation,1000000,csv,101.67,3,0.2882,OK,Linux Mint 22.3,11th Gen Intel(R) Core(TM) i3-1115G4,3.00,2,4,8,64,Other (Live USB),Integrated,NA,NA,3.12.3,1.5.5
2023341,duckdb,task4,aggregation,2000000,csv,203.32,1,0.5056,OK,Linux Mint 22.3,11th Gen Intel(R) Core(TM) i3-1115G4,3.00,2,4,8,64,Other (Live USB),Integrated,NA,NA,3.12.3,1.5.5
2023341,duckdb,task4,aggregation,2000000,csv,203.32,2,0.4742,OK,Linux Mint 22.3,11th Gen Intel(R) Core(TM) i3-1115G4,3.00,2,4,8,64,Other (Live USB),Integrated,NA,NA,3.12.3,1.5.5
2023341,duckdb,task4,aggregation,2000000,csv,203.32,3,0.4749,OK,Linux Mint 22.3,11th Gen Intel(R) Core(TM) i3-1115G4,3.00,2,4,8,64,Other (Live USB),Integrated,NA,NA,3.12.3,1.5.5
2023341,spark,task5,spark_uncached,1000000,parquet,20.17,1,3.3432,OK,Linux Mint 22.3,11th Gen Intel(R) Core(TM) i3-1115G4,3.00,2,4,8,64,Other (Live USB),Integrated,NA,NA,3.12.3,4.2.0
2023341,spark,task5,spark_uncached,1000000,parquet,20.17,2,0.5787,OK,Linux Mint 22.3,11th Gen Intel(R) Core(TM) i3-1115G4,3.00,2,4,8,64,Other (Live USB),Integrated,NA,NA,3.12.3,4.2.0
2023341,spark,task5,spark_uncached,1000000,parquet,20.17,3,0.513,OK,Linux Mint 22.3,11th Gen Intel(R) Core(TM) i3-1115G4,3.00,2,4,8,64,Other (Live USB),Integrated,NA,NA,3.12.3,4.2.0
2023341,spark,task5,spark_uncached,1000000,parquet,20.17,4,0.5025,OK,Linux Mint 22.3,11th Gen Intel(R) Core(TM) i3-1115G4,3.00,2,4,8,64,Other (Live USB),Integrated,NA,NA,3.12.3,4.2.0
2023341,spark,task5,spark_uncached,1000000,parquet,20.17,5,0.3979,OK,Linux Mint 22.3,11th Gen Intel(R) Core(TM) i3-1115G4,3.00,2,4,8,64,Other (Live USB),Integrated,NA,NA,3.12.3,4.2.0
2023341,spark,task5,spark_cache_build,1000000,parquet,20.17,0,2.9912,OK,Linux Mint 22.3,11th Gen Intel(R) Core(TM) i3-1115G4,3.00,2,4,8,64,Other (Live USB),Integrated,NA,NA,3.12.3,4.2.0
2023341,spark,task5,spark_cached,1000000,parquet,20.17,1,0.6089,OK,Linux Mint 22.3,11th Gen Intel(R) Core(TM) i3-1115G4,3.00,2,4,8,64,Other (Live USB),Integrated,NA,NA,3.12.3,4.2.0
2023341,spark,task5,spark_cached,1000000,parquet,20.17,2,0.3372,OK,Linux Mint 22.3,11th Gen Intel(R) Core(TM) i3-1115G4,3.00,2,4,8,64,Other (Live USB),Integrated,NA,NA,3.12.3,4.2.0
2023341,spark,task5,spark_cached,1000000,parquet,20.17,3,0.3081,OK,Linux Mint 22.3,11th Gen Intel(R) Core(TM) i3-1115G4,3.00,2,4,8,64,Other (Live USB),Integrated,NA,NA,3.12.3,4.2.0
2023341,spark,task5,spark_cached,1000000,parquet,20.17,4,0.2727,OK,Linux Mint 22.3,11th Gen Intel(R) Core(TM) i3-1115G4,3.00,2,4,8,64,Other (Live USB),Integrated,NA,NA,3.12.3,4.2.0
2023341,spark,task5,spark_cached,1000000,parquet,20.17,5,0.256,OK,Linux Mint 22.3,11th Gen Intel(R) Core(TM) i3-1115G4,3.00,2,4,8,64,Other (Live USB),Integrated,NA,NA,3.12.3,4.2.0
2023341,duckdb,task5,duckdb_repeated,1000000,parquet,20.17,1,0.3372,OK,Linux Mint 22.3,11th Gen Intel(R) Core(TM) i3-1115G4,3.00,2,4,8,64,Other (Live USB),Integrated,NA,NA,3.12.3,1.5.5
2023341,duckdb,task5,duckdb_repeated,1000000,parquet,20.17,2,0.0067,OK,Linux Mint 22.3,11th Gen Intel(R) Core(TM) i3-1115G4,3.00,2,4,8,64,Other (Live USB),Integrated,NA,NA,3.12.3,1.5.5
2023341,duckdb,task5,duckdb_repeated,1000000,parquet,20.17,3,0.0098,OK,Linux Mint 22.3,11th Gen Intel(R) Core(TM) i3-1115G4,3.00,2,4,8,64,Other (Live USB),Integrated,NA,NA,3.12.3,1.5.5
2023341,duckdb,task5,duckdb_repeated,1000000,parquet,20.17,4,0.0081,OK,Linux Mint 22.3,11th Gen Intel(R) Core(TM) i3-1115G4,3.00,2,4,8,64,Other (Live USB),Integrated,NA,NA,3.12.3,1.5.5
2023341,duckdb,task5,duckdb_repeated,1000000,parquet,20.17,5,0.0094,OK,Linux Mint 22.3,11th Gen Intel(R) Core(TM) i3-1115G4,3.00,2,4,8,64,Other (Live USB),Integrated,NA,NA,3.12.3,1.5.5
